<?xml version="1.0" encoding="UTF-8"?>
<workflow-app xmlns="uri:oozie:workflow:0.2" name="CreditCardMagtSys">
   <!-- Branch-->
   <start to="hive-branch" />
   <action name="hive-branch">
      <hive xmlns="uri:oozie:hive-action:0.2">
         <job-tracker>${jobTracker}</job-tracker>
         <name-node>${nameNode}</name-node>
         <prepare>
            <delete path="${nameNode}/Credit_Card_System/CDW_SAPP_BRANCH" />
            <!--if CDW_SAPP_BRANCH directory is present in hadoop then this line will delete CDW_SAPP_BRANCH directory because when branch.hive file is run, this directry will be created again for new dataset -->
         </prepare>
         <configuration>
            <property>
               <name>mapred.job.queue.name</name>
               <value>${queueName}</value>
            </property>
         </configuration>
         <script>branch.hive</script>
      </hive>
      <ok to="sqoop-branch" />
      <error to="fail" />
   </action>
   <action name="sqoop-branch">
      <sqoop xmlns="uri:oozie:sqoop-action:0.2">
         <job-tracker>${jobTracker}</job-tracker>
         <!--job tracking node is http://sandbox.hortonworks.com:8050 which is define in job properties-->
         <name-node>${nameNode}</name-node>
         <!--name node is http://sandbox.hortonworks.com:8020 which is defined in job properties-->
         <prepare>
            <delete path="${nameNode}/Credit_Card_System/CDW_SAPP_BRANCH" />
         </prepare>
         <configuration>
            <property>
               <name>mapred.job.queue.name</name>
               <value>${queueName}</value>
            </property>
         </configuration>
         <arg>job</arg> 
         <arg>--meta-connect</arg> 
         <arg>jdbc:hsqldb:hsql://localhost:16000/sqoop</arg> 
         <arg>--exec</arg> 
         <arg>branch</arg>
         <archive>/Credit_Card_System/oozie/lib/java-json.jar#java-json.jar</archive>  
      </sqoop>
      <ok to="hive-creditcard" />
      <!-- if everything is ok then go to hive node -->
      <error to="fail" />
   </action>

   <!-- Credit Card -->
   <action name="hive-creditcard">
      <hive xmlns="uri:oozie:hive-action:0.2">
         <job-tracker>${jobTracker}</job-tracker>
         <name-node>${nameNode}</name-node>
         <prepare>
            <delete path="${nameNode}/Credit_Card_System/CDW_SAPP_CREDITCARD" />
         </prepare>
         <configuration>
            <property>
               <name>mapred.job.queue.name</name>
               <value>${queueName}</value>
            </property>
         </configuration>
         <script>creditcard.hive</script>
      </hive>
      <ok to="sqoop-creditcard" />
      <error to="fail" />
   </action>
   <action name="sqoop-creditcard">
      <sqoop xmlns="uri:oozie:sqoop-action:0.2">
         <job-tracker>${jobTracker}</job-tracker>
         <!--job tracking node is http://sandbox.hortonworks.com:8050 which is define in job properties-->
         <name-node>${nameNode}</name-node>
         <!--name node is http://sandbox.hortonworks.com:8020 which is defined in job properties-->
         <prepare>
            <delete path="${nameNode}/Credit_Card_System/CDW_SAPP_CREDITCARD" />
         </prepare>
         <configuration>
            <property>
               <name>mapred.job.queue.name</name>
               <value>${queueName}</value>
            </property>
         </configuration>
         <arg>job</arg> 
         <arg>--meta-connect</arg> 
         <arg>jdbc:hsqldb:hsql://localhost:16000/sqoop</arg> 
         <arg>--exec</arg> 
         <arg>creditcard</arg>
         <archive>/Credit_Card_System/oozie/lib/java-json.jar#java-json.jar</archive>  
      </sqoop>
      <ok to="hive-customer" />
      <!-- if everything is ok then go to hive node -->
      <error to="fail" />
   </action>

   <!-- Customer -->
   <action name="hive-customer">
      <hive xmlns="uri:oozie:hive-action:0.2">
         <job-tracker>${jobTracker}</job-tracker>
         <name-node>${nameNode}</name-node>
         <prepare>
            <delete path="${nameNode}/Credit_Card_System/CDW_SAPP_CUSTOMER" />
         </prepare>
         <configuration>
            <property>
               <name>mapred.job.queue.name</name>
               <value>${queueName}</value>
            </property>
         </configuration>
         <script>customer.hive</script>
      </hive>
      <ok to="sqoop-customer" />
      <error to="fail" />
   </action>
   <action name="sqoop-customer">
      <sqoop xmlns="uri:oozie:sqoop-action:0.2">
         <job-tracker>${jobTracker}</job-tracker>
         <!--job tracking node is http://sandbox.hortonworks.com:8050 which is define in job properties-->
         <name-node>${nameNode}</name-node>
         <!--name node is http://sandbox.hortonworks.com:8020 which is defined in job properties-->
         <prepare>
            <delete path="${nameNode}/Credit_Card_System/CDW_SAPP_CUSTOMER" />
         </prepare>
         <configuration>
            <property>
               <name>mapred.job.queue.name</name>
               <value>${queueName}</value>
            </property>
         </configuration>
         <arg>job</arg> 
         <arg>--meta-connect</arg> 
         <arg>jdbc:hsqldb:hsql://localhost:16000/sqoop</arg> 
         <arg>--exec</arg> 
         <arg>customer</arg>
         <archive>/Credit_Card_System/oozie/lib/java-json.jar#java-json.jar</archive>  
      </sqoop>
      <ok to="hive-time" />
      <!-- if everything is ok then go to hive node -->
      <error to="fail" />
   </action>

   <!-- Time -->
   <action name="hive-time">
      <hive xmlns="uri:oozie:hive-action:0.2">
         <job-tracker>${jobTracker}</job-tracker>
         <name-node>${nameNode}</name-node>
         <prepare>
            <delete path="${nameNode}/Credit_Card_System/CDW_SAPP_TIME" />
         </prepare>
         <configuration>
            <property>
               <name>mapred.job.queue.name</name>
               <value>${queueName}</value>
            </property>
         </configuration>
         <script>time.hive</script>
      </hive>
      <ok to="sqoop-time" />
      <error to="fail" />
   </action>
   <action name="sqoop-time">
      <sqoop xmlns="uri:oozie:sqoop-action:0.2">
         <job-tracker>${jobTracker}</job-tracker>
         <!--job tracking node is http://sandbox.hortonworks.com:8050 which is define in job properties-->
         <name-node>${nameNode}</name-node>
         <!--name node is http://sandbox.hortonworks.com:8020 which is defined in job properties-->
         <prepare>
            <delete path="${nameNode}/Credit_Card_System/CDW_SAPP_TIME" />
         </prepare>
         <configuration>
            <property>
               <name>mapred.job.queue.name</name>
               <value>${queueName}</value>
            </property>
         </configuration>
         <arg>job</arg> 
         <arg>--meta-connect</arg> 
         <arg>jdbc:hsqldb:hsql://localhost:16000/sqoop</arg> 
         <arg>--exec</arg> 
         <arg>time</arg>
         <archive>/Credit_Card_System/oozie/lib/java-json.jar#java-json.jar</archive>  
      </sqoop>
      <ok to="end" />
      <!-- if everything is ok then go to hive node -->
      <error to="fail" />
   </action>

   <kill name="fail">
      <message>Sqoop failed, error message[${wf:errorMessage(wf:lastErrorNode())}]</message>
   </kill>
   <end name="end" />
</workflow-app>
