<?xml version="1.0" encoding="UTF-8"?>
<workflow-app xmlns="uri:oozie:workflow:0.2" name="CreditCardMagtSys">
   <!-- Branch-->
   <start to="sqoop-branch"/>
   <action name="sqoop-branch">
      <sqoop xmlns="uri:oozie:sqoop-action:0.2">
         <job-tracker>${jobTracker}</job-tracker>
         <!--job tracking node is http://sandbox.hortonworks.com:8050 which is define in job properties-->
         <name-node>${nameNode}</name-node>
         <!--name node is http://sandbox.hortonworks.com:8020 which is defined in job properties-->
         <prepare>
         </prepare>
         <configuration>
            <property>
               <name>mapred.job.queue.name</name>
               <value>${queueName}</value>
            </property>
         </configuration>
         <arg>job</arg> 
         <arg>--meta-connect</arg> 
         <arg>jdbc:hsqldb:hsql://localhost:16000/sqoop</arg> 
         <arg>--exec</arg> 
         <arg>branchUpdate</arg>
         <archive>/Credit_Card_System/oozie/lib/java-json.jar#java-json.jar</archive>  
      </sqoop>
      <ok to="sqoop-creditcard" />
      <error to="fail" />
   </action>
<!-- CreditCard -->
   <action name="sqoop-creditcard">
      <sqoop xmlns="uri:oozie:sqoop-action:0.2">
         <job-tracker>${jobTracker}</job-tracker>
         <!--job tracking node is http://sandbox.hortonworks.com:8050 which is define in job properties-->
         <name-node>${nameNode}</name-node>
         <!--name node is http://sandbox.hortonworks.com:8020 which is defined in job properties-->
         <prepare>
         </prepare>
         <configuration>
            <property>
               <name>mapred.job.queue.name</name>
               <value>${queueName}</value>
            </property>
         </configuration>
         <arg>job</arg> 
         <arg>--meta-connect</arg> 
         <arg>jdbc:hsqldb:hsql://localhost:16000/sqoop</arg> 
         <arg>--exec</arg> 
         <arg>creditcardUpdate</arg>
         <archive>/Credit_Card_System/oozie/lib/java-json.jar#java-json.jar</archive>  
      </sqoop>
      <ok to="sqoop-customer" />
      <error to="fail" />
   </action>
   <!-- Customer -->
   <action name="sqoop-customer">
      <sqoop xmlns="uri:oozie:sqoop-action:0.2">
         <job-tracker>${jobTracker}</job-tracker>
         <!--job tracking node is http://sandbox.hortonworks.com:8050 which is define in job properties-->
         <name-node>${nameNode}</name-node>
         <!--name node is http://sandbox.hortonworks.com:8020 which is defined in job properties-->
         <prepare>
         </prepare>
         <configuration>
            <property>
               <name>mapred.job.queue.name</name>
               <value>${queueName}</value>
            </property>
         </configuration>
         <arg>job</arg> 
         <arg>--meta-connect</arg> 
         <arg>jdbc:hsqldb:hsql://localhost:16000/sqoop</arg> 
         <arg>--exec</arg> 
         <arg>customerUpdate</arg>
         <archive>/Credit_Card_System/oozie/lib/java-json.jar#java-json.jar</archive>  
      </sqoop>
      <ok to="sqoop-time" />
      <error to="fail" />
   </action>
   <!-- Time -->
   <action name="sqoop-time">
      <sqoop xmlns="uri:oozie:sqoop-action:0.2">
         <job-tracker>${jobTracker}</job-tracker>
         <!--job tracking node is http://sandbox.hortonworks.com:8050 which is define in job properties-->
         <name-node>${nameNode}</name-node>
         <!--name node is http://sandbox.hortonworks.com:8020 which is defined in job properties-->
         <prepare>
         </prepare>
         <configuration>
            <property>
               <name>mapred.job.queue.name</name>
               <value>${queueName}</value>
            </property>
         </configuration>
         <arg>job</arg> 
         <arg>--meta-connect</arg> 
         <arg>jdbc:hsqldb:hsql://localhost:16000/sqoop</arg> 
         <arg>--exec</arg> 
         <arg>timeUpdate</arg>
         <archive>/Credit_Card_System/oozie/lib/java-json.jar#java-json.jar</archive>  
      </sqoop>
      <ok to="end" />
      <error to="fail" />
   </action>
   <kill name="fail">
      <message>Sqoop failed, error message[${wf:errorMessage(wf:lastErrorNode())}]</message>
   </kill>
   <end name="end" />
</workflow-app>